﻿이름,설명,세부 전공,연관 스탯
GSM 입학 / 전공 선택,"앞으로의 3년간 학습할 전공을 고르게 됩니다. 신중하게 선택하세요!

개발자: 프론트엔드와 백엔드와 같은 일반 전공을 공부합니다!
기능반: 게임 개발과 같은 특수 전공을 공부합니다!
공기업: 공기업과 금융권 취업을 목적으로 공부합니다!",고정 이벤트,"기능 대회, 기타 공부, 전공 공부"
기숙사 - 라면,"기숙사에서 친구가 같이 기숙사 금지 항목인 라면을 먹자고 꼬신다!
어떻게 대처해야 할까?",랜덤 이벤트,"선, 악, 평판"
기숙사 - 자습실,기숙사에 도착했다! 피곤하긴 하지만 자습실을 사용할까 고민이 된다.,고정 이벤트,"기능 대회, 기타 공부, 전공 공부, 평판, 피로도"
자격증 시험,자격증 시험을 볼 수 있는 기회가 왔다. 도전해볼까?,랜덤 이벤트,"기능 대회, 기타 공부, 전공 공부, 피로도"
아이디어 페스티벌 - 역할 선택,아이디어 페스티벌 기간이 다가왔다. 어떤 역할을 맡을까?,고정 이벤트,"기능 대회, 기타 공부, 전공 공부, 직관성, 책임감, 코드 해석력, 평판, 피로도"
아이디어 페스티벌 - 팀원 관리,"아이디어 페스티벌 기간, 팀원이 할 일을 미룬다. 어떻게 할까?",랜덤 이벤트,"기능 대회, 기타 공부, 선, 악, 전공 공부, 평판, 피로도"
DevFestival 컨퍼런스 참여?,DevFestival 컨퍼런스 발표자를 모집한다. 참여해볼까?,랜덤 이벤트,"책임감, 평판, 피로도"
"학교 - 자습 ",2학년이 되면서 자습 시간이 늘어났다. 무엇을 하면 좋을까?,랜덤 이벤트,"기능 대회, 기타 공부, 악, 전공 공부, 평판, 피로도"
자기주도 체험학습,친구들과 함께하는 자기주도 체험학습이다! 나는 어떤 역할을 맡게될까?,고정 이벤트,"책임감, 피로도"
취업의 선택,결전의 순간이 왔다.,고정 이벤트,
전공 캠프,전공 캠프에 참여하게 되었다. 어떤 활동을 할까?,고정 이벤트,"전공 공부, 평판"
싱가포르 연수,아기다리고 고기다리던 싱가포르 연수 기회가 왔다!,고정 이벤트,"선, 악, 책임감, 평판, 피로도"
프로젝트 경험,이제 곧 취업을 해야하는데 어떤 프로젝트를 하는게 좋을까?,랜덤 이벤트,"전공 공부, 직관성, 책임감, 피로도"
강의,학교애서 강의 공지가 올라왔다! 참여해볼까?,랜덤 이벤트,"기타 공부, 전공 공부, 피로도"